month,production_mt,export_mt,usd_lkr_avg,usd_lkr_volatility,rainfall_mm,temp_mean,crude_oil_price,brent_crude_price,fuel_lp92,fuel_lad,kerosene_price,export_derived
2011-10-01,24843.7508,26362.717,109.5856451219128,1.0737475262104716,340.0928213398035,25.111126653742744,93.19,108.43,125.77,76.52,61.65,False
2011-11-01,31822.08455,25476.305,110.74133326212565,1.9797602780875672,259.38181212369705,24.15026730567111,100.36,111.22,137.0,84.0,71.0,False
2011-12-01,25709.7423,28424.437,113.49209594726562,0.6024805515594404,299.8957704597452,23.907443615519018,98.83,108.09,137.0,84.0,71.0,False
2012-01-01,23361.8541,21824.945,113.61499958653604,0.5215787998785395,74.70747462847994,23.7143764669001,98.46,110.26,137.0,84.0,71.0,False
2012-02-01,22627.35806,22448.624,116.80586216367524,2.7021950420430025,156.8062753533631,24.272306886977162,107.08,122.23,144.45,103.24,92.72,False
2012-03-01,28939.99199,27702.254,125.02209595711001,3.749301929984753,110.28664453457232,25.30734772919362,103.03,123.41,149.0,115.0,106.0,False
2012-04-01,30053.9057,23290.994,128.24566726684571,2.04241442714446,228.9255646709506,25.092110804226245,104.89,118.66,149.0,115.0,106.0,False
2012-05-01,32711.24405,30004.885,128.7319343320785,1.416570108904883,68.29189592515665,25.75940192878467,86.52,103.86,149.0,115.0,106.0,False
2012-06-01,26543.37615,22804.265,131.40516866048176,1.8068778060349093,129.49313731846053,25.549146193369918,85.04,94.17,149.0,115.0,106.0,False
2012-07-01,25000.12195,25761.299,132.56274266396798,1.154885813036424,150.13069414997392,25.564248496942604,88.08,105.93,149.0,115.0,106.0,False
2012-08-01,25870.78195,21064.283,131.85016066028226,0.41624610473391843,171.5774904504771,25.260430950882274,96.47,113.93,149.0,115.0,106.0,False
2012-09-01,27434.75381,30620.887,131.41400044759115,1.009413107140094,187.21355330237606,25.36023118502061,92.18,111.36,149.0,115.0,106.0,False
2012-10-01,27412.56845,24246.574,128.7979022610572,1.0446874855612405,513.8799088902961,24.845796491812234,86.23,109.89,149.0,115.0,106.0,False
2012-11-01,30634.722100000003,26691.11,129.9524996439616,0.7553394436077462,423.2454294532347,24.401128837137385,88.54,110.84,149.0,115.0,106.0,False
2012-12-01,27806.35535,29741.744,128.07935456306703,1.078972978738235,256.06836184187296,23.98298530628115,91.83,110.8,154.81,115.0,106.0,False
2013-01-01,23741.062449999998,21545.846,126.66725749354208,0.6639567332786261,242.93060930967312,23.805757785008808,97.65,115.55,159.0,115.0,106.0,False
2013-02-01,25182.63441,21258.206,126.5583929334368,0.48165694705593975,164.1778092335813,24.264071308050394,92.03,112.2,159.64,116.29,106.0,False
2013-03-01,32746.5392,26208.712,126.73064422607422,0.4389344938677024,240.3384456725277,25.134979249623786,97.24,108.46,162.0,121.0,106.0,False
2013-04-01,33865.5464,21259.94,125.7995002746582,0.6240506712214527,132.7118012359901,25.830411835318365,93.22,101.53,162.0,121.0,106.0,False
2013-05-01,33654.06232,25927.653,126.09806454566217,0.2749896593470636,232.51651884550265,25.583683134935676,91.93,100.43,162.0,121.0,106.0,False
2013-06-01,24871.18376,24250.86,127.52349853515625,1.5725895819897966,290.52795028328717,24.73895112393139,96.36,102.49,162.0,121.0,106.0,False
2013-07-01,22636.08619,29080.647,130.73451380575858,1.0163918352539927,174.67610467576154,24.959607961626332,105.1,107.89,162.0,121.0,106.0,False
2013-08-01,26594.05897,30507.102,131.7175790109942,0.7150704006402605,158.09340353017575,24.924311064899822,107.98,115.97,162.0,121.0,106.0,False
2013-09-01,25189.940670000004,28032.921,132.17350006103516,0.7668863356241673,188.26973549850766,24.53337088204716,102.36,107.85,162.0,121.0,106.0,False
2013-10-01,30557.01099,28189.359,130.64274351058467,0.8701595254183067,245.08201390667165,24.755748789066065,96.29,107.53,162.0,121.0,106.0,False
2013-11-01,30733.82452,26612.935,130.9741668701172,0.0906015471904523,236.38787396821516,24.247017539107706,92.55,111.07,162.0,121.0,106.0,False
2013-12-01,30254.5369,28270.703,130.7012900075605,0.12953750502593586,178.67571086039663,23.861723956856075,98.17,109.95,162.0,121.0,106.0,False
2014-01-01,25516.597,21213.441,130.52548513104838,0.3534072044828508,113.07456362578444,23.882552343720796,97.55,108.16,162.0,121.0,106.0,False
2014-02-01,22599.923,21839.202,130.57714353288924,0.6111208510079897,30.754964066028016,24.658580006208112,102.88,108.98,162.0,121.0,106.0,False
2014-03-01,25760.59,29829.221,130.52435450400077,0.11762618826666416,71.10101469803291,25.90777655331076,101.57,105.95,162.0,121.0,106.0,False
2014-04-01,29522.772,22835.096,130.50499877929687,0.05711327593906131,239.48451070448266,25.74059336552137,100.07,108.63,162.0,121.0,106.0,False
2014-05-01,39243.694,27414.368,130.24935420866936,0.48162201000477245,224.07513823431447,25.570081189840966,103.4,109.21,162.0,121.0,106.0,False
2014-06-01,30996.125,29769.048,130.1768325805664,0.049034199001552765,126.13105685630057,25.52685504150385,106.07,111.03,162.0,121.0,106.0,False
2014-07-01,29003.746,28899.297,130.11112828408517,0.045582542939119834,135.23426281783523,25.480007806705448,98.23,104.94,162.0,121.0,106.0,False
2014-08-01,23824.971,26684.609,130.07161441926033,0.04406951402265601,190.97556512954412,25.06805927524664,97.86,101.12,162.0,121.0,106.0,False
2014-09-01,29086.173,25991.985,129.89766743977864,0.7115108855687277,221.96566594737868,25.044995401824156,91.17,94.67,159.67,119.6,96.67,False
2014-10-01,28192.781,26426.7,130.38225924584174,0.4916938560147781,517.0566130465593,24.63854829143056,80.53,84.17,157.0,118.0,86.0,False
2014-11-01,29976.887,28109.17,130.76100107828776,0.42402097731568633,385.00992584220216,24.07074839579745,65.94,71.89,157.0,118.0,86.0,False
2014-12-01,24307.323,28873.088,131.05887185373615,0.06643010740664791,595.6111063254023,23.839830693123737,53.45,55.27,150.9,111.9,81.65,False
2015-01-01,23300.135,23864.10567,131.2348406391759,0.7335055122706052,67.15638452996087,24.25345027137009,47.79,47.52,139.35,105.84,75.26,False
2015-02-01,25612.94,22900.629760000003,129.6957141331264,0.28839749484269284,135.553236373363,24.176097036476044,49.84,61.89,117.0,95.0,59.0,False
2015-03-01,30437.162,24387.46877,129.8648391231414,0.17781873665680212,134.0984430838197,25.211483640941207,47.72,53.69,117.0,95.0,59.0,False
2015-04-01,31627.188,22428.859660000002,129.58133443196616,0.45914985886730797,295.7870277297494,25.295976643829356,59.62,63.9,117.0,95.0,59.0,False
2015-05-01,32431.761,26886.641030000003,130.4045159124559,0.3276255868542522,225.19343821632134,25.62211540367143,60.25,65.56,117.0,95.0,59.0,False
2015-06-01,29579.357,27128.866719999998,130.83699951171874,0.15664931522173636,142.62471387461196,25.398527655897546,59.48,63.59,117.0,95.0,59.0,False
2015-07-01,26314.869,27989.63943,130.55225643034905,0.18589707317874307,151.67196591820388,25.47807796988672,47.11,52.21,117.0,95.0,59.0,False
2015-08-01,26426.509,20683.618489999997,130.77516321982108,0.3703586883248647,180.65203463764362,25.51656012007708,49.2,54.15,117.0,95.0,59.0,False
2015-09-01,27213.351,23925.912579999997,135.95366566975912,2.176099095943818,260.743026643797,25.11737561704547,45.06,48.37,117.0,95.0,59.0,False
2015-10-01,26869.552,28285.80762,138.01580712103075,0.889059325492987,658.2317682513562,24.85478898427659,46.6,49.56,117.0,95.0,59.0,False
2015-11-01,25338.289,25752.021370000002,138.7376678466797,0.7643381628556858,412.9532328082611,24.524588658715935,40.43,44.61,117.0,95.0,58.0,False
2015-12-01,23619.953,24672.909600000003,139.68741779942667,1.6333450528474358,292.5205580239724,24.649248772500698,37.13,37.28,117.0,95.0,49.0,False
2016-01-01,25219.836,23478.57808,140.74806607154107,0.5586926952142254,58.089900594520095,25.010498236534737,33.66,34.74,117.0,95.0,49.0,False
2016-02-01,22990.77,22988.086199999998,140.9624139193831,0.6242913169479724,68.18770543222345,25.550211270780885,32.74,35.97,117.0,95.0,49.0,False
2016-03-01,22207.986,25907.03924,142.2299991730721,1.310473233004347,65.3031604738944,27.005344232366713,36.94,39.6,117.0,95.0,49.0,False
2016-04-01,27337.272,21687.809149999997,142.7046666463216,0.8043668446527437,124.61241756383006,27.01883264872467,45.98,48.13,117.0,95.0,49.0,False
2016-05-01,30823.539,20776.46801,143.30741734658517,0.551454855239106,624.2008178619594,25.647076171066495,49.1,49.69,117.0,95.0,49.0,False
2016-06-01,25674.865,27934.557960000002,143.2826670328776,1.3041780945908326,154.4492488548333,25.564380433271232,48.27,49.68,117.0,95.0,49.0,False
2016-07-01,21513.809,25070.33946,142.87064336961316,0.5071091851848193,153.8433187846931,25.320758574823778,41.54,42.46,117.0,95.0,49.0,False
2016-08-01,23256.32,24531.14661,142.4954853673135,0.42262429108277777,120.44978856930074,25.418142204092092,44.68,47.04,117.0,95.0,49.0,False
2016-09-01,19951.957,24692.88641,142.6616658528646,0.6334254431782512,96.8629124371108,25.294978067982672,47.72,49.06,117.0,95.0,49.0,False
2016-10-01,18705.435,22332.734170000003,143.94322598365045,0.6108456387229405,138.55334866096405,25.390820545351765,46.83,48.3,117.0,95.0,49.0,False
2016-11-01,27712.102,19739.71454,145.1786666870117,0.6790547261701494,338.8320086556407,24.58121696220782,49.41,50.47,117.0,95.0,49.0,False
2016-12-01,27179.696,21734.91889,145.86935523248488,0.9218399751228782,84.47258591091622,24.196863523279227,53.75,56.82,117.0,95.0,49.0,False
2017-01-01,21686.49,19560.84746,146.6090324155746,0.8498520294044059,148.96645171809732,23.923466653454938,52.75,55.7,117.0,95.0,45.61,False
2017-02-01,18612.926,21820.415989999998,148.48964255196708,1.841494734049238,61.990689679812306,24.314441334374763,54.0,55.59,117.0,95.0,44.0,False
2017-03-01,26577.364,24732.71781,148.56032193091607,0.9475914527331172,116.31273083365227,25.112299502725993,50.54,52.83,117.0,95.0,44.0,False
2017-04-01,32944.63,19411.92037,149.596332804362,1.32406518513102,127.5926063649036,25.950291313719678,49.31,51.73,117.0,95.0,44.0,False
2017-05-01,29716.999,23303.261629999997,149.39419358776462,0.5004255962928833,243.80892872422712,25.720086723299875,48.29,50.31,117.0,95.0,44.0,False
2017-06-01,27239.925,25072.54683,149.7413335164388,0.43967013716409287,206.9186155013784,25.543182757006512,46.02,47.92,117.0,95.0,44.0,False
2017-07-01,25710.495,25710.19066,150.58128947596396,1.1424647928927913,165.05030403226388,25.826847617599917,50.21,52.65,117.0,95.0,44.0,False
2017-08-01,24860.951,23758.69171,150.0135488202495,0.6088698948325176,257.53006782323007,25.40116905212438,47.26,52.38,117.0,95.0,44.0,False
2017-09-01,25735.876,24684.203920000004,149.8643341064453,0.6017837543408902,261.4304433083995,25.05456551435566,51.67,57.54,117.0,95.0,44.0,False
2017-10-01,25719.444,24640.86242,150.7712919173702,0.7112017739302012,295.44439361424793,25.016066805434946,54.36,61.37,117.0,95.0,44.0,False
2017-11-01,24981.719,22571.89919,150.53833516438803,0.426161520199354,408.65212054654364,24.194444819071705,57.4,63.53,117.0,95.0,44.0,False
2017-12-01,23932.986,22927.59295,150.2377403013168,0.4750911754977418,130.86458327891052,24.144926981449974,60.46,66.73,117.0,95.0,44.0,False
2018-01-01,24543.117,20348.21502,151.53774187641758,1.5190864266614816,54.50698637829906,23.94930127210477,64.82,67.78,117.0,95.0,44.0,False
2018-02-01,21182.885,20881.32949,154.59678540910994,0.636436495985367,109.83481420967917,24.6803364582674,61.43,66.08,117.0,95.0,44.0,False
2018-03-01,28608.091,25143.279440000002,155.49225641066027,0.5987861743190711,145.57520277322945,25.42618835509879,64.87,69.02,117.0,95.0,44.0,False
2018-04-01,28018.336,19989.34196,155.79566752115886,1.3036802108903143,177.74944523757588,25.270497729058572,68.56,75.92,117.0,95.0,44.0,False
2018-05-01,32535.132,22174.13748,157.48516205818422,0.9208832160273452,387.2851114008082,25.013372448806926,66.98,76.45,130.55,104.48,82.61,False
2018-06-01,23266.625,23946.80674,158.6613337198893,1.158840459450046,283.2669369673057,24.94061555517609,74.13,77.44,137.0,109.0,82.4,False
2018-07-01,23924.705,24058.52837,158.92742033927672,1.1038604003112216,195.79474040662151,25.169340057956425,69.88,74.16,142.42,115.1,70.0,False
2018-08-01,21563.792,22915.51614,160.11548393003403,0.7548769476325514,191.70429271901713,24.941901153294076,69.84,76.94,145.0,118.0,70.0,False
2018-09-01,19387.362,24873.414539999998,164.49466552734376,3.072969911794359,199.7044451627818,25.12251128136979,73.16,82.72,147.67,121.33,70.0,False
2018-10-01,29714.131,22423.967780000003,170.83709667574973,1.402674161790877,473.6889344403173,24.099329499516795,65.31,74.84,153.06,123.0,70.0,False
2018-11-01,24892.904,20583.27217,175.34600168863932,3.0804019625458587,363.21751740586325,24.284910710394524,50.78,57.71,142.83,113.73,70.0,False
2018-12-01,26307.154,24439.56577,180.09128841277092,1.3726547704164642,133.2719207915839,24.016323069094415,45.15,50.57,131.77,104.39,70.0,False
2019-01-01,23352.483,22677.3148,181.84258147208922,1.0485490798305168,82.64499186660366,23.996769581273774,53.84,62.46,123.65,99.65,70.0,False
2019-02-01,21716.57,22604.40441,177.94178553989954,1.4940476522900505,207.18872714705867,25.000497044077406,57.21,65.03,126.64,101.43,70.0,False
2019-03-01,28356.397,25329.4585,178.01613001669608,1.4554403619630323,75.15959405279874,25.668392883964678,60.19,67.93,130.84,103.61,70.0,False
2019-04-01,23636.475,20177.02834,174.17433369954426,1.1365350063268436,165.59149500331608,26.262303854326678,63.83,72.19,132.0,104.0,70.0,False
2019-05-01,34251.726,25738.04796,175.89161140688003,0.9974077172761429,129.306314874176,26.06939533246842,53.49,66.78,134.03,104.0,70.0,False
2019-06-01,27530.848,23301.69064,176.2570012410482,0.8477118193333683,204.57633595812234,25.990492114572714,58.2,67.52,137.0,104.0,70.0,False
2019-07-01,25973.31,23959.58842,175.72161274571573,0.8152963033691346,157.7441320744256,25.682587818852905,58.53,64.07,136.65,104.0,70.0,False
2019-08-01,26201.487,25449.22178,177.63129105106478,1.4989703960343113,372.8834861284781,25.073269098607927,55.07,61.04,137.23,104.0,70.0,False
2019-09-01,21918.023,24071.1631,180.3356674194336,1.2297937314147396,314.225656020162,24.98215290431684,54.09,60.99,137.3,104.0,70.0,False
2019-10-01,21263.407,25124.027120000002,178.19635354318928,0.5192468714538575,544.184732103844,24.46724010668475,54.02,59.3,137.0,104.0,70.0,False
2019-11-01,24026.126,21312.8379,177.31141255696613,0.6010811638430674,253.66572714386,24.003211528289388,58.12,64.5,137.0,104.0,70.0,False
2019-12-01,21893.818,23088.174890000002,178.05676761750252,0.24286134398195144,227.19403908427307,24.50201464070161,61.14,67.77,137.0,104.0,70.0,False
2020-01-01,21942.912,21349.74635,178.27378943658644,0.21808730726301598,40.48798574774397,24.51245428443679,51.58,57.77,137.0,104.0,70.0,False
2020-02-01,18213.293,22821.57875,178.3662319841056,0.13387030310606138,55.8626531314244,25.20636191528182,44.83,51.31,137.0,104.0,70.0,False
2020-03-01,13526.037,13258.75216,181.2229269704511,2.2267641625626515,44.368086906614764,26.185323344572097,20.51,14.85,137.0,104.0,70.0,False
2020-04-01,20822.646,17723.18189,188.44391886393228,1.2779830632688018,186.9319604568987,26.391570851034015,19.23,18.11,137.0,104.0,70.0,False
2020-05-01,28603.046,21961.228219999997,184.31529481949346,1.4021651361245673,273.4648433240292,25.73151766825249,35.57,34.15,137.0,104.0,70.0,False
2020-06-01,27357.07,22811.00903,182.7916000366211,0.5113107630617604,172.1081773453809,25.338939825555148,39.27,41.64,137.0,104.0,70.0,False
2020-07-01,26479.703,26886.01668,182.79552631993448,0.1388058499720907,235.3664338701231,25.149700656909594,40.1,43.13,137.0,104.0,70.0,False
2020-08-01,22456.136,21342.56674,182.00560538999497,1.0983725332407859,188.02705414947616,25.479726729722508,42.61,45.22,137.0,104.0,70.0,False
2020-09-01,22037.127,23467.652550000003,182.09808298746745,0.4270025670117818,316.1389529075658,24.73837844422528,40.05,40.3,137.0,104.0,70.0,False
2020-10-01,23844.788,22270.14618,181.5370399721207,0.22782366550449934,139.3421062564236,25.1720812563444,35.64,36.33,137.0,104.0,70.0,False
2020-11-01,24911.853,19347.56081,181.87035471598307,0.402539786012378,331.6854353044487,24.619577578682893,45.2,46.84,137.0,104.0,70.0,False
2020-12-01,28657.154,23335.778019999998,184.3042956936744,1.4878607126765568,262.054736411534,23.925965545771533,48.35,51.22,137.0,104.0,70.0,False
2021-01-01,23045.195,20055.46674,188.46636421449722,3.746967928416851,287.52321899858083,23.883584229737515,52.16,55.25,137.0,104.0,70.0,False
2021-02-01,22379.398,22442.5296,191.63136672973633,1.4354305740408555,63.65764068173954,24.54862947116365,61.55,65.86,137.0,104.0,70.0,False
2021-03-01,28410.989,24817.18079,194.25018851987778,1.483866012730199,166.55856509113428,24.894133928174877,59.19,63.52,137.0,104.0,70.0,False
2021-05-01,30375.818,22961.057719999997,194.402588875063,0.815665722023667,409.8108882354744,25.218978998489007,66.31,69.36,137.0,104.0,70.0,False
2021-06-01,25937.691,26044.843960000002,195.5029291788737,0.5614238200333106,210.0801888171083,24.907401657813914,73.52,76.94,150.33,108.67,74.67,False
2021-07-01,26164.965,24769.974309999998,196.25499553065146,0.3113744422430323,258.4834812467741,25.02797105736991,73.93,77.72,157.0,111.0,77.0,False
2021-08-01,23700.094,24730.45148,196.5578810168851,0.1630114640007328,251.21398931641323,24.768573690686065,68.43,73.45,157.0,111.0,77.0,False
2021-09-01,22564.023,22620.03382,196.76699727376302,0.42196692282183823,235.19784751159634,25.159476916587813,75.22,77.81,157.0,111.0,77.0,False
2021-10-01,23996.931,23590.36349,197.62601200226814,0.8231489029715451,309.30307594750343,24.754960704686134,83.5,83.1,157.0,111.0,77.0,False
2021-11-01,20003.498,24933.063329999997,198.9839319864909,0.39611470387280057,420.1886589191221,23.987000681564094,66.14,70.86,157.0,111.0,77.0,False
2021-12-01,20417.493,23318.70605,199.42951423891128,0.4408355922595217,117.8636891120766,23.900671057924885,75.33,77.24,164.74,114.87,80.87,False
2022-01-01,22817.214,18774.11216,199.43125226420742,0.44804277082184996,89.06140473854522,23.762473491999963,89.16,92.35,177.0,121.0,87.0,False
2022-02-01,18163.458,20527.45332,199.46239253452845,0.40812257355280807,86.81606234451613,24.289640959317488,96.13,103.08,177.0,121.0,87.0,False
2022-03-01,44925.478,22351.67774,248.80850908833165,35.1922548257381,76.08931637587287,25.108642584987237,100.53,107.29,229.16,158.26,87.0,False
2022-05-01,26039.291,19027.83376,355.88809991651965,5.345496028932167,363.97693862325207,24.940761396963413,114.38,125.53,359.16,317.65,87.0,False
2022-06-01,20148.765,22712.79937,356.4258778889974,2.24722432946236,199.65662092391273,24.930138849899738,107.76,119.78,428.33,410.0,87.0,False
2022-07-01,19860.882,22070.134739999998,356.7475024807838,2.5441009337099803,169.7968590851101,25.110358946294525,101.31,111.51,460.32,450.32,87.0,False
2022-08-01,18276.892,22214.62774,357.83664826423893,2.5768340968055345,276.3897595789131,24.76908048940052,90.09,96.55,450.0,430.0,176.77,False
2022-09-01,39714.899,20784.28032,358.12884419759115,3.2994616159748715,147.15826407972824,24.608359076438145,79.91,88.9,450.0,430.0,340.0,False
2022-11-01,20244.914,18541.93065,363.5011861165365,1.7438618977111093,229.5487676929623,23.758128406217647,80.48,85.61,370.0,424.5,355.83,False
2022-12-01,19501.402,18647.68727,363.5249486123362,1.2266018121353817,212.381041086687,23.406025270735622,80.16,82.82,370.0,421.61,365.0,False
2023-01-01,19137.522,16780.982969999997,362.6124267578125,1.2820038895076766,105.49147777544033,23.40748596552887,78.95,83.42,370.0,405.97,355.65,False
2023-03-01,21336.27,17382.89845,329.9826020271547,11.374552124868552,126.25294408722799,24.932501949920592,75.68,79.19,396.13,399.84,305.97,False
2023-04-01,24728.725,15278.15366,319.5629364013672,3.1235246121212294,149.56759331779514,25.506310892075682,76.78,81.32,340.0,325.0,295.0,False
2023-05-01,26524.5,19275.97607,307.09540385584677,7.664979560668287,175.65796238224894,25.361643312830005,68.11,71.98,333.0,310.0,295.0,False
2023-09-01,18723.511,22133.218370000002,320.09779052734376,1.4801813728957176,399.5104036999473,24.687191994334043,90.77,95.86,361.0,341.0,231.0,False
2023-10-01,22852.239,17467.1703,321.5064323179183,1.415228810842797,483.2312685474714,24.615272165926783,81.64,86.82,364.87,350.68,241.65,False
2023-11-01,19586.187,20410.98031,324.8539530436198,0.9167440393702077,558.6575281605349,24.34029008926887,75.66,81.72,356.0,356.0,249.0,False
2023-12-01,19808.996,19893.38316,323.5678051364037,1.2376274342574691,385.49900831908144,23.608234509676677,71.89,77.69,346.0,329.0,247.0,False
2024-01-01,18729.458,18065.16123,318.09190713205646,2.043326890564766,206.72805523035302,22.160198962064214,76.28,82.98,366.0,358.0,236.0,False
2024-02-01,19996.013,21307.975010000002,309.3508027175377,1.3468012862380074,55.10464762627191,25.44834019799456,79.22,84.57,371.0,363.0,262.0,False
2024-03-01,19566.934,20155.27044,302.036628969254,2.7734153821780314,76.73824085316586,26.083280933406293,83.96,86.17,371.0,363.0,257.65,False
2024-04-01,21464.608,15527.54873,295.91112162272134,1.3852690381556974,154.28473020704595,27.01463616466542,83.49,88.23,371.0,363.0,245.0,False
2024-05-01,24549.732,18274.90513,296.2723684003276,1.6697648444803872,481.3231019747995,26.070593210036645,77.97,79.41,368.0,333.0,215.0,False
2024-06-01,23024.387,19652.46098,300.6712921142578,1.5636603686324448,231.17717026503988,25.488525876013952,81.54,87.26,355.0,317.0,202.0,False
2024-07-01,22891.566,19761.71908,300.5563285581527,0.9072958775588863,200.59038763446765,25.389399613940927,75.27,81.39,344.0,317.0,202.0,False
2024-08-01,21281.94,20652.01409,297.3677919449345,1.4658507309941797,258.19466601328014,25.39743199499032,73.55,80.2,344.0,317.0,202.0,False
2024-09-01,24133.247,18375.9586,298.0196584065755,2.185440721221793,223.1793536754503,25.49748836734789,68.17,72.35,332.0,307.0,202.0,False
2024-10-01,21149.334,19178.22696,290.3112980011971,0.8850535612535255,282.28062619415687,24.927152045114635,70.62,73.25,311.0,283.0,183.0,False
2024-11-01,22302.194,18615.609510000002,288.66907653808596,1.0844133452375284,453.3828468215796,24.18212161016737,68.0,74.16,311.0,283.0,183.0,False
2024-12-01,21714.931,20854.85637,288.42250110257055,1.757769242493907,142.32004648000031,24.508300770792225,71.72,74.58,309.0,286.0,188.0,False
2025-01-01,21463.013,17999.952859999998,292.5328388829385,1.949515318637275,337.93947245200513,23.82357329022217,72.53,77.11,309.0,286.0,183.0,False
2025-02-01,15596.129,18629.49107,293.6016595023019,1.629149825379799,56.79850602992576,24.695951081400665,70.13,74.76,309.0,286.0,183.0,False
2025-06-01,21687.605,21518.65736,296.56206868489585,0.6825080792444375,239.3619028541879,25.447509558754874,64.79,68.15,293.0,274.0,178.0,False
2025-07-01,21359.236,22388.818789999998,297.98964174332156,0.7981702113688326,236.26323811878095,25.406014034708882,70.31,73.43,305.0,289.0,185.0,False
2025-08-01,19679.166,21766.44839,298.1532415574597,1.1363979023280633,157.0559594197234,25.23601509355204,64.21,67.83,305.0,289.0,185.0,False
2025-09-01,22176.256,21822.72961,299.0774251302083,0.46433505588331886,198.9047870050743,25.224242853362327,63.17,68.52,299.0,283.0,185.0,False
2025-10-01,21781.666,20012.97518,300.1414007371472,0.7522263650063985,278.78229526428333,25.292466524539936,61.75,65.44,299.0,277.0,180.0,False
2025-11-01,21449.741,17721.53361,303.0744883219401,1.6549280453327369,601.9640655399988,24.346899481606798,58.58,64.07,294.0,277.0,180.0,False
2025-12-01,21375.558,16124.84518,306.10482000535535,0.6771452234314703,168.3984232336765,24.237859125965425,57.26,61.35,294.0,277.0,180.0,False
2026-01-01,20684.089,18958.17884,306.52701199439264,0.5056664557258548,101.13686174285945,23.65965389522664,64.5,72.25,294.0,278.68,181.68,False
2026-02-01,17971.939,18209.24022,306.3840560913086,0.5960554791109144,198.3641924797319,24.37172074676488,66.96,71.32,292.0,277.0,182.0,False
2026-03-01,20897.386,18148.41534,308.7608908376386,1.769837152696257,52.75580626686994,25.780925922327818,102.86,126.69,336.16,322.1,210.58,False
2026-04-01,24220.659,16609.43606,313.2501912434896,1.3333792830056188,166.45874600439237,26.207915570257605,108.64,124.24,398.0,382.0,255.0,False
